screen_id,screen_name,image_uuid_1,image_uuid_2,image_uuid_3,image_uuid_4
215e8905-17be-484c-8b88-1d979e9038eb,"ANDHERI D N NAGAR",,,,
7f1ddc11-014e-485b-82f9-8b15df3c881a,"Atithi Gardenia - Tavarekere",,,,
aad38f3f-b043-4bd5-b93b-d7ceb047bd45,"Ayodhya Sagar - Basaweshwara Nagar",,,,
b275c9e4-c938-49c9-84b9-a47c8ede4e01,"Ayodhya Upachar - Banashankari",,,,
b82790c6-59dc-45d8-ac14-483d43636194,"Bakasura Bandi - Sunkadakatte",,,,
90fb5d4b-53ab-4e05-a320-31b3e3d293f8,"Banashankari TTMC Screen",,,,
47d9d5f1-7453-4132-9f56-2c814f20bc4f,"Barista Aerocity, Mohali",,,,
2c093f43-d253-4638-bf06-947dcfdfc7d4,"Barista Amayra Kharar Road, Mohali",,,,
e4a0e351-d712-4553-ae05-ad852da39718,"Barista Barista - RC Millennium",,,,
066fe7fa-cce0-4fdb-a566-baed65e3a536,"Barista Barista Ambience",,,,
d2266fa7-7241-4d7b-8d95-299815df0a3a,"Barista Barista Band Stand",,,,
74c86df1-a802-4136-8960-8e8763458c5d,"Barista Barista Basant Lok",,,,
75565ac3-ace7-49d3-9490-ae916bd952f0,"Barista Barista Charmwood Plaza",,,,
022e5175-f9c7-4e05-b8a1-61ca787f9981,"Barista Barista Chembur",,,,
62e4365b-2818-4889-aaaa-8d16d495d101,"Barista Barista Club link Mind Space",,,,
6e519672-a891-4638-9dc7-1aec2fe2a22b,"Barista Barista Connaught Place",,,,
fba391d0-001f-4048-a204-112a438f5af9,"Barista Barista DLF Galleria",,,,
2d03ae8b-877a-4f44-9e64-fd525f332cdc,"Barista Barista DLF Qutub Plaza",,,,
867b2668-bb13-4f23-ab4a-aeb3320675aa,"Barista Barista Defence Colony",,,,
26cdc09a-4340-4689-b4b9-6d6fbd351065,"Barista Barista Diner, Sector 90",,,,
db3caca9-b701-4a2c-83ee-fdda75c77f3d,"Barista Barista East Patel Nagar, Delhi",,,,
b015790d-548f-41c5-8ff2-47b4f96dd29a,"Barista Barista Elan Epic Mall",,,,
fd22d57a-467c-48f8-8039-5c3ca3361e8b,"Barista Barista Elan Miracle Mall",,,,
aaad3f47-9023-42ab-ad1f-5c1efabff630,"Barista Barista Fr Gallery On MG",,,,
b9bf31d3-25e6-4986-993a-d6ebe416ce34,"Barista Barista Fr Ireo City Central, Gurgaon",,,,
9a2d6765-0462-48b7-ab18-77b188aee9c6,"Barista Barista Fr M3M Urbana",,,,
faf075cd-c852-4815-84a7-7e71b8899ea0,"Barista Barista Fr Paras Trinity",,,,
e8e22241-8e4c-4928-8417-910fa1790a52,"Barista Barista Fr Primus Hospital",,,,
99b4dff2-769c-4b3e-9ebf-64504ccc9c35,"Barista Barista Fr Sector 22 Gurgaon",,,,
9c401417-2d45-4e8b-b513-e39cdf8dd1b7,"Barista Barista Fr Sector 36D, Chandigarh",,,,
349291b3-ef62-4ff7-99ff-07def40e4711,"Barista Barista Fr World Street, Faridabad",,,,
c985320d-a484-44ec-8baa-0512de28001d,"Barista Barista Garodia Nagar Ghatkopar",,,,
d0c55a47-9489-4ffa-814d-e6384cf3d7e3,"Barista Barista Janatha Petrol Pump, Gurgaon",,,,
b7370d00-3648-4550-8e0c-9ed854c3a713,"Barista Barista M3M 65th Avenue",,,,
c9429118-4396-47e0-b014-9582a72b8068,"Barista Barista Noida Sector 18",,,,
307f10d3-4db9-4354-82da-58673a9b914b,"Barista Barista Rajiv Chowk",,,,
25087df5-fcb7-4b7d-a6a7-02591945d3d9,"Barista Barista SDA Colony",,,,
7285d677-4656-40d1-a00d-57bed059dfd7,"Barista Barista SHIMPOLI BORIVALI",,,,
c274047e-6070-4549-a400-11c5c1b1789e,"Barista Barista Shipra Mall",,,,
f894fa0c-06bc-48fb-a01d-79396c2bc3dd,"Barista Barista Shivaji Park",,,,
fcce01a0-df13-4ed9-aecd-081a85014039,"Barista Barista Signature Global Mall, Ghaziabad",,,,
1918eb53-a13e-47dc-8713-efd993c28be8,"Barista Barista Stellar IT Park cafe",,,,
2ea5c6fb-a1d7-49e7-8ef6-b97de12e6e1c,"Barista Barista Versova",,,,
f87d6203-acd3-4203-b59c-243db7dc7559,"Barista Barista Ville Parle",,,,
4a34baa2-8f9b-4f31-81fd-2d91920f31ae,"Barista Gold Homes, Mohali",,,,
76dd58d2-ccc2-4473-ba83-480b4f374f57,"Barista MIDC Mahakali Caves, Mumbai",,,,
a84ab9ee-9775-414c-be76-73b21c464f70,"Barista Mohali SAS nagar",,,,
d0f35636-c2b7-409f-afd2-eba238142fb4,"Barista New Town Square",,,,
295b4271-130a-44dc-b5b4-c8d5a9a4be5d,"Barista Phase 10, Mohali",,,,
205b43d5-f615-4c39-ba06-5deef3093a94,"Barista Sec 82, Mohali",,,,
f265f5d5-1c59-451a-b6df-b7a8a6c9693d,"Barista Sector 10, Chandigarh",,,,
d459566e-f5d6-461c-9e2d-2c5fd21e1ee2,"Barista Sector 35, Chandigarh",,,,
5f018384-de0b-4d20-8f03-ce1afe984118,"Barista TDI, Mohali",,,,
491b826d-4469-4d85-9562-022d4458e804,"Barista Uber Mews Gate, Mohali",,,,
e0d4d8f4-4d01-4d9b-b51d-f6567f69d222,"CCD 4th Block jayanagar",,,,
e7101f46-062e-46d7-8239-2f400674d454,"CCD 9 AVENUE BUILDING WAKAD PUNE",,,,
743836ca-515e-4337-94c7-78c2c4a5160a,"CCD AASHIRWAD-CHOWK-DWARKA",,,,
5fb2b188-cc5a-4e9f-a561-076497e8d7f0,"CCD Art Of Living",,,,
1b1bd132-7cb6-4cba-9712-cb6d0269a10a,"CCD Azad Building",,,,
e57597d1-7b03-4500-859c-63fcb3fe4bdb,"CCD B Block Janakpuri",,,,
76dd829b-aa2e-4c3d-abeb-531da75af0c4,"CCD BELLANDUR VILLAGE",,,,
6a0c01d0-9067-4b34-9ef1-e81ef2dd17d1,"CCD BOTANICAL GARDEN",,,,
53dbe3b3-9614-4b01-bd17-fba6fc15604a,"CCD Banjara Hills",,,,
1ed9cba3-88ac-47a9-95a1-ef69e76a114c,"CCD Bharat ARK",,,,
f030f470-0006-4b35-ac94-7850e002ee4b,"CCD Brigade Meadows",,,,
453a1ec1-5536-4311-9f6b-f89ad2e31cb9,"CCD C.M.H",,,,
91b5d56d-7507-4122-a3c9-2f0c3c3ab541,"CCD CCD DelhiCantt",,,,
ebdc69a9-e046-4be7-87d8-7929293e379d,"CCD CCD Gokul Regency",,,,
a0523c0a-2729-4a79-9e5d-99207adb3d24,"CCD CUNNINGHAM ROAD OPP",,,,
98f05ec7-f369-49ed-bf3d-979200803c12,"CCD City Pride",,,,
61082339-d2d4-462e-8f58-7e788b143e53,"CCD Coconut Groove",,,,
7915d7dd-7dd1-4b08-a9ea-25a6bc9c7392,"CCD DILSUKH NAGAR",,,,
c7502af1-9f4e-4a1a-bde6-b2bec456be54,"CCD Dev Chaya Building Haji Ali",,,,
c7108cbb-1ac5-4144-866e-9468759e0943,"CCD Dr. Rajkumar Road",,,,
ca7dab77-5877-49a9-b1a4-60f69dc8aed9,"CCD GREEN PARK MAIN NEW DELHI",,,,
1e1fb3db-e7ef-4cff-b58c-07222930ae35,"CCD Gangenahalli",,,,
659b6f57-c51e-4595-8388-fde6b8b92cde,"CCD Gini Jony",,,,
cd897084-0ca4-4577-9cdb-67ce0a0caab8,"CCD Grotto Church",,,,
0f3417a5-a849-49c7-b567-13cc33a8fc1b,"CCD HARLUR ROAD",,,,
e2bec17d-9f2e-4778-ad98-7443c60554b1,"CCD HOT N SPICY",,,,
13b06094-cb4b-408a-ab6c-e782c987a80b,"CCD HRBR RING ROAD KALYANAGAR BENGALURU",,,,
f445d946-ec43-49c0-ad01-7b6485fbabbd,"CCD HSR LAYOUT 17th Cross Road (sec 4)",,,,
7d3fbf77-13a4-405f-a09c-13712f4c3d60,"CCD HSR Layout Sector 1",,,,
dfbbca9e-323d-47b4-9dab-e090096ae145,"CCD HSR SEC 1",,,,
29bca526-2194-46aa-910c-253e2ffc8b05,"CCD Hari Om Tower",,,,
5e946fa6-d231-4860-aa61-68c3ee424e25,"CCD Hotel lee Cardrey",,,,
86a4fe1f-7edf-46f6-84a0-75c8c83d3dc4,"CCD Hyderguda",,,,
a526fc0f-d986-44d5-99bf-83942fe480bb,"CCD INDIRANAGAR (100 FT RD)",,,,
d6c7769c-f037-45cd-a530-a384dd812712,"CCD J BLOCK RAJOURI GARDEN DELHI",,,,
f8cf08d3-a34b-4745-82dd-6d1aedccf827,"CCD JP NAGAR Phase 1",,,,
5057905c-3e69-43cf-b3a8-2a68001ca494,"CCD JP NAGAR-5TH PHASE-SARAKI",,,,
af0793c6-20c2-4784-9626-23f4af2175fc,"CCD Jayanagar T Block",,,,
12892cbd-93c2-40cb-8568-1d65d1dd9224,"CCD KAMLANAGAR BUILDING NO 26B1 & 27 A1 DEL",,,,
5b0883a3-bb76-474c-a69b-9864a59d27e4,"CCD KRISHNAI APARTMENT",,,,
42262f5d-495f-418c-bc1d-be6a39fee018,"CCD Kalyannagar Kammanahalli Main Rd",,,,
b0f11f62-7c58-4e26-b400-38fb10c9bd25,"CCD Kasturi Nagar",,,,
c062aa95-9a36-45aa-86a5-78c66fc7de6f,"CCD Lalwani Regency",,,,
8cc7fe17-e0ca-4d96-8216-7bd256a4a630,"CCD MALLESWARAM NO225 & 226 PAPA JOHNS BENG",,,,
14e2b44a-40c9-45e2-a4a9-5220576f4c49,"CCD Majestic Height",,,,
f919c6e3-50a3-49d6-a20c-c683c5121dac,"CCD Mango Suits",,,,
0b6ef558-6436-4636-856f-a73ae558822d,"CCD Mansarovar Garden",,,,
1d626723-9171-4087-af0b-78abde94d6e9,"CCD Miyapur",,,,
78376bed-5f44-4e92-bc75-6a640a791447,"CCD NANDI DURGA ROAD JAYAMAHAL EXTENSON BLR",,,,
8e9bb074-9931-455a-83d3-c8c09791fbd6,"CCD NATHAN PRIDUS KARTHIKNAGAR",,,,
b84c4e1e-ad5c-4035-a221-404b03ecbc50,"CCD NFC Lounge",,,,
70196dcb-e62b-4321-927f-ce6b0bc4e39c,"CCD Noor Café",,,,
44f50d5c-9b89-4d2e-b67c-4cc7b128444d,"CCD Old Rajender Nagar",,,,
02766743-626d-4426-8087-ac7c9c6186f8,"CCD Orchid Plaza",,,,
eab7dbcb-69a4-4ddc-9019-e8a9d247804a,"CCD PRANJEE MARINA",,,,
d7dcb8a0-ffce-4a11-acd8-73ccc54d8e12,"CCD Paschim Vihar East Delhi",,,,
eea84a25-f9e4-4f43-842a-2b47507bbca7,"CCD Peenya HPCL Petrol Bunk",,,,
8841fd7a-edb2-4b9e-ae4d-9f96f7bfe888,"CCD Persian Café",,,,
6dc04e85-e705-4ed6-a676-9292909453ec,"CCD Powai Lake",,,,
9090e14d-4b95-48f1-9508-b0ee8c56315b,"CCD Prashanth Vihar",,,,
fadad8f7-7003-4532-b9d0-32493ed1b4cb,"CCD Privelege Inn",,,,
726c0c47-947e-49c5-b7f6-9f6834e3f205,"CCD R R NAGAR",,,,
40d783ff-feca-4184-a576-2e92ef3f365d,"CCD R.T. NAGAR",,,,
4001bef5-66d8-4132-964c-611a9fcf1d26,"CCD Rajouri Garden",,,,
960c4637-6d14-4088-9204-c5a18e9a7bca,"CCD S R Nagar",,,,
d7a2835d-9891-4702-a9d6-bbe0d5bf3b79,"CCD SATELLITE GARDEN-FILMCITY",,,,
3db59079-9c38-405c-b7b9-0f4265326b2f,"CCD SHANTI NIKETAN",,,,
269750a6-3353-456a-a6e5-64e5906b6498,"CCD SHER-E-PUNJAB (Andheri E)",,,,
01ed070c-7308-4a3c-8a91-b88ebbc7fbea,"CCD SRF BANASHANKARI",,,,
288f83c7-b485-4f86-a999-a0bb77d0b29d,"CCD Sarath City Mall",,,,
53395d18-e7c9-49c1-b7e4-c082d5b185d7,"CCD Sarita Vihar",,,,
d7341955-15d0-4c1d-92ee-634e56764eea,"CCD Sea Green",,,,
699c7a98-38c7-4634-afdc-a37358659787,"CCD Smokin Joe",,,,
504b60c6-5166-4f31-9534-5fcc5a66ecd9,"CCD Star City Mall Mayurvihar",,,,
306d2e46-e09a-446b-a16d-064b70a66edf,"CCD TELECOM NAGAR",,,,
ea30847a-d988-4c0c-80ac-ee884455046a,"CCD The Square Jubilee Hills",,,,
6090c52b-98a6-42da-93a4-1fb7cdf7a2f1,"CCD Toli Chowki",,,,
b9b392bc-1b9e-4889-8188-196b65a0ba5f,"CCD Top N Town",,,,
41596f18-5eba-4570-8bb3-c43772f0ac65,"CCD Vasant Marvel",,,,
2e2f7b2b-6a72-4068-ab70-41eb8a4dc383,"CCD Vasant Vihar",,,,
b73694fc-f23f-4e2f-95b5-2a856b48526b,"CCD Vijaya Bank",,,,
0b3d262b-a805-4f71-9ed4-1b13ba1601d9,"CCD WHITEFIELD MAIN ROAD",,,,
5216c3f5-700f-4d1c-b29e-644b7dc0dbf1,"CCD Yummy Tummy",,,,
fdcf7731-7cb4-4382-ac88-0bc699e5a305,"CCD ZEN BUSINESS CENTRE PUNE",,,,
3412e1d2-49ca-4d44-b9ee-ac8d9f31f8f9,"CCD habsi guda",,,,
79a9b8f2-21cf-4c2e-8029-d2febaf25628,"Cafe Gokulam - Singasandra",,,,
e0a2bc2e-9225-49c9-9056-6f2d9e200312,"Cafe Krishnam - Jayanagar",,,,
5531eb96-55de-45a9-992d-ff0a0588dd61,"Cinema_ Box 01",,,,
6a3638f4-8f96-4027-8fee-7c9999482c48,"Coffee makers - HSR Layout",,,,
3820692d-8819-4544-ac87-2f7f3fd583b2,"Concourse ITPL - Whitefield",,,,
307bd5b5-d1a1-47bd-9d47-a21df34e5139,"Durgashree Samruddhi Grand - R. T. Nagar",,,,
5b8402e2-99d0-457a-8065-c82a81ca20a8,"Durgashree Samruddhi Grand - Sunkadakatte",,,,
e815104e-4ac9-4714-b131-12fa3fd8a90e,"Durgashree Samruddhi Grand Veg - Muthasandra",,,,
e4104fee-f8f1-4575-9944-a2f56b3cd2df,"Happy Kydz - Indiranagar",,,,
0c6ff948-b62d-4972-8c4d-4d27de72516f,"Hotel Anand Bhavan - Zoo Rd",,,,
b166de4d-ba20-40fe-babf-3ecf46c492bd,"Hotel Ayodhya Upahar - Malleshwaram",,,,
fae5b29b-bcbc-4ef5-982f-89467853079e,"Hotel Durgashree Samruddhi Garden - Pindakuru Thimmanahalli",4cac0d15-3157-4036-a6d0-ec119a947fa7,,,
14b9fc26-83ea-49e1-966d-e41620b4eb94,"Hotel Halli Nanasu - Doddaballapura",,,,
081ea1bc-6209-4bef-a26b-14f7c9d3ad8e,"Jagpreet Singh",,,,
59dc2b4b-70b5-416c-b541-78417930392b,"Kadamba Veg Restaurant - Basaveshwar Nagar",,,,
09c99b8d-ce8b-41df-a27c-e33375392a7a,"Krishna leela grand - Bagulur Main Road",,,,
16b772eb-580d-48a1-a919-9e58d9f6af71,"Maratha Darshan - Vasanth Nagar",,,,
9af561be-23a8-4e2d-962d-53f4a42e096f,"Mayura Sagar Restaurant - Brookefield",,,,
cc44bf16-8349-4fbb-894b-a9b671374177,"Minerva Screen",,,,
40de220c-ab6a-43ff-99ac-3e0fa17d319e,"Neelanjana Mahesh Prasad - Ramakrishnanagar",,,,
09db7086-8b9d-4371-bf0d-d5ad727e6f04,"New Krishna Sagar - TC Palya",,,,
701253ae-b588-411f-b472-d92aec52e122,"New Shanthi Sagar - Vijaynagar",,,,
f597559d-3934-40aa-a8f8-b2df16acc3a1,"New Udupi Grand - HSR Layout",,,,
e590a10c-f0b5-49a2-801a-354b244d3925,"OPP BOMBAY OXYGEN COMPANY Andheri -W",,,,
27ab0618-60cb-4294-b594-a5e45e77c31c,"Old Original Hotel Vinayaka Mylari - Doora",,,,
05367f4b-7f28-4592-b338-85f0967dfdc9,"Playville - Whitefield",,,,
9cfaac0a-2fce-4024-ac96-3db67b11333e,"Playville Kids Play Zone - Kempegowda Layout",,,,
f32e1e37-2107-4b41-aaa0-ee8a9546fb59,"Raithana Aramane - Dasarahalli",,,,
c27d9402-98e3-4c08-a061-978006a45059,"SLV Food Joint - HRBR Layout",,,,
9f5f20df-6784-4837-800d-e0564df7b8e9,"Sassy AF Café - HSR Layout",,,,
5b2cd378-8b0e-4b9c-8c64-72fb84c5e67e,"Sendhoor Coffee - HSR Layout",,,,
a55c44bc-869d-4bdf-b340-79aed9800d58,"Shre Sadashiva Handlooms and Gift Centers",,,,
a43f83f6-9dfa-4297-9434-a5430831dc2c,"Shri Krishna Nandagokula - Kasturi Nagar",,,,
a38afc75-c338-4498-8f19-9c91b79f8e90,"Sri Ganesh Grand - Doddaballapura",,,,
6e9d3a14-c18d-4693-9f8d-e9a82aa6d559,"Sri Krishna Nalapaka - HSR Layout",,,,
966ab7c1-3d37-492d-9400-2bf204389ddb,"Sri Mandarthi Vaibhava",,,,
67ba9834-8f14-468d-a694-6fc344d60cd7,"Sri Manjunatha Grand Veg - Nagavara",,,,
02ff7668-2125-4227-9eb5-8f83e9d5088a,"Sri Udupi Food Hub - Commercial Street",,,,
2db7cd33-bf89-4fe0-bd18-221107d35fe4,"Sri Udupi Food Hub - Indiranagar",,,,
e85d90d0-435e-419d-9d46-ed3a1b4be771,"Sri Udupi Food Hub - Koramangala",,,,
710a4024-f5ec-4dea-9408-287049466272,"Sri Udupi Food Hub - Tilaknagar",,,,
1367b1cf-82e2-4ac1-8a2e-c26279427f0a,"Sri Udupi Food Hub - Whitefield",,,,
d412c53c-7619-4313-bdde-ae342f0f5ae5,"Sri Udupi Food Hub 3rd block - Jayanagar",,,,
01fa6adf-cd46-4d59-8185-338fe720f91a,"Sri Udupi Food Hub Hopefarm - Whitefield",,,,
cf02bf83-d20f-419d-9ea1-a83a7163b5e3,"Sri Udupi Park - Brigade Road",,,,
5b6d7a71-7d4b-481f-a5af-f4f7c9350a05,"Sri Vishnu Brindavana - Kasavanahalli",,,,
a04980fc-4bbd-4858-8193-4a8753d20f72,"Sri Vishnu Grand - Bellandur",,,,
47f7029c-ffa3-4056-b6cb-a19f116bd8aa,"Sri Vishnu Park Restaurant - BTM Layout",,,,
83b82381-c667-4ade-ace3-c9df250efa57,"Srinidhi Upachar -Dodda Banaswadi",,,,
cecb0a52-997a-417e-a764-5006bdb2cdfa,"Srinidhi Veg Food Court - Kalyan Nagar",,,,
94982b35-67b3-454f-9082-42ac92ef0a37,"The Rasaganga - Bellandur",,,,
03923983-0666-46b3-9861-05345156ef01,"Top In Town Hyper Market - Whitefield",,,,
0a09d635-f4f8-40cc-8f4a-60baed4553f9,"Udupi Food Park - Singasandra",,,,
f0504368-baa3-4aea-bc14-0ec27b122811,"Udupi Garden Veg Restaurant - Bagalakunte",,,,
37c431b8-36ca-4e71-8628-248484c956ed,"Udupi Garden Veg Restaurant - Kothanur",,,,
1477b1ea-fe3f-4535-bece-8084d9f22b80,"Udupi Gardenia -Banjara Layout",,,,
eecdeea1-40dd-4b27-869a-fa42a31e2976,"Udupi Gardenia -Jayanti Nagar",,,,
5a7a7104-5510-44d6-a37d-249c8569a892,"Udupi Gardenia -Munireddy Layout",,,,
136c7c40-363c-471c-9baa-24c10415c499,"Udupi Krishna Dhama - Arehalli Guddadahalli",,,,
a20bf2ad-4bf1-471e-8708-a6490b6e78e1,"Udupi Mane Thindi",,,,
84791612-2c6b-4b11-8b98-b8fc2c72da01,"Udupi Palace",,,,
758bcbfa-48d4-4112-86ea-3e1556ca7882,"Udupi Swada - Kumaraswamy Layout",,,,
299561e7-ef43-4027-8088-e9937848bf3a,"Udupi Upachar - Hebbal",,,,
62fd900d-d2d0-4b7b-859c-77454140d5fa,"Udupi Vaibhav - Kothanur",,,,
f0ab89da-79cb-4c86-bb3a-68d3ec5c7df3,"Udupi Vaibhav Veg Restaurant - Tata nagar",,,,
732b0d94-751d-443a-92b6-c3239714f854,"WORLI DAIRY SEA-FACE",,,,
762b2f5f-0213-4484-a62c-4cacaa224343,"WORLI DAIRY SEA-FACE #2",,,,